title,author,date,guests,description,image
Summer Vibez,Dylan Fox,2025-09-25T11:08:43.543026,"[{""name"": ""Guest 0"", ""email"": ""guest0@example.com""}, {""name"": ""Guest 1"", ""email"": ""guest1@example.com""}, {""name"": ""Guest 2"", ""email"": ""guest2@example.com""}, {""name"": ""Guest 3"", ""email"": ""guest3@example.com""}]","An unforgettable evening of music, lights, and energy.",https://picsum.photos/seed/0/600/400
Late Night Beats,Taylor Sky,2025-08-05T11:08:43.543451,"[{""name"": ""Guest 0"", ""email"": ""guest0@example.com""}, {""name"": ""Guest 1"", ""email"": ""guest1@example.com""}, {""name"": ""Guest 2"", ""email"": ""guest2@example.com""}]",Groove through the night with soulful beats and good company.,https://picsum.photos/seed/1/600/400
Chill & Grill,Riley Stone,2025-09-27T11:08:43.543523,"[{""name"": ""Guest 0"", ""email"": ""guest0@example.com""}]",Join us for a cozy gathering with live performances.,https://picsum.photos/seed/2/600/400
Vibe Fest,Casey Moon,2025-09-23T11:08:43.543549,"[{""name"": ""Guest 0"", ""email"": ""guest0@example.com""}, {""name"": ""Guest 1"", ""email"": ""guest1@example.com""}]","A night to vibe, connect, and celebrate the moment.",https://picsum.photos/seed/3/600/400
Coastal Currents,Riley Stone,2025-09-17T11:08:43.543568,"[{""name"": ""Guest 0"", ""email"": ""guest0@example.com""}, {""name"": ""Guest 1"", ""email"": ""guest1@example.com""}, {""name"": ""Guest 2"", ""email"": ""guest2@example.com""}, {""name"": ""Guest 3"", ""email"": ""guest3@example.com""}]",Join us for a cozy gathering with live performances.,https://picsum.photos/seed/4/600/400
Golden Hour,Jamie Orion,2025-08-05T11:08:43.543592,"[{""name"": ""Guest 0"", ""email"": ""guest0@example.com""}, {""name"": ""Guest 1"", ""email"": ""guest1@example.com""}, {""name"": ""Guest 2"", ""email"": ""guest2@example.com""}, {""name"": ""Guest 3"", ""email"": ""guest3@example.com""}]",Groove through the night with soulful beats and good company.,https://picsum.photos/seed/5/600/400
Bassline Bash,Jamie Orion,2025-08-28T11:08:43.543626,"[{""name"": ""Guest 0"", ""email"": ""guest0@example.com""}, {""name"": ""Guest 1"", ""email"": ""guest1@example.com""}, {""name"": ""Guest 2"", ""email"": ""guest2@example.com""}, {""name"": ""Guest 3"", ""email"": ""guest3@example.com""}]",Groove through the night with soulful beats and good company.,https://picsum.photos/seed/6/600/400
Rooftop Reverie,Amara Cruz,2025-08-30T11:08:43.543646,"[{""name"": ""Guest 0"", ""email"": ""guest0@example.com""}, {""name"": ""Guest 1"", ""email"": ""guest1@example.com""}]",Join us for a cozy gathering with live performances.,https://picsum.photos/seed/7/600/400
Neon Dreams,Amara Cruz,2025-09-15T11:08:43.543661,"[{""name"": ""Guest 0"", ""email"": ""guest0@example.com""}]",Join us for a cozy gathering with live performances.,https://picsum.photos/seed/8/600/400
Lo-Fi Lounge,Dylan Fox,2025-09-27T11:08:43.543680,"[{""name"": ""Guest 0"", ""email"": ""guest0@example.com""}, {""name"": ""Guest 1"", ""email"": ""guest1@example.com""}, {""name"": ""Guest 2"", ""email"": ""guest2@example.com""}]","A night to vibe, connect, and celebrate the moment.",https://picsum.photos/seed/9/600/400
Rhythm Revival,Avery Storm,2025-09-02T11:08:43.543697,"[{""name"": ""Guest 0"", ""email"": ""guest0@example.com""}, {""name"": ""Guest 1"", ""email"": ""guest1@example.com""}, {""name"": ""Guest 2"", ""email"": ""guest2@example.com""}]","An unforgettable evening of music, lights, and energy.",https://picsum.photos/seed/10/600/400
Twilight Tunes,Morgan Blaze,2025-09-10T11:08:43.543715,"[{""name"": ""Guest 0"", ""email"": ""guest0@example.com""}, {""name"": ""Guest 1"", ""email"": ""guest1@example.com""}, {""name"": ""Guest 2"", ""email"": ""guest2@example.com""}]",Groove through the night with soulful beats and good company.,https://picsum.photos/seed/11/600/400
Moonlight Mixer,Avery Storm,2025-08-12T11:08:43.543732,"[{""name"": ""Guest 0"", ""email"": ""guest0@example.com""}]",Groove through the night with soulful beats and good company.,https://picsum.photos/seed/12/600/400
Daybreak Disco,Jamie Orion,2025-08-06T11:08:43.543746,"[{""name"": ""Guest 0"", ""email"": ""guest0@example.com""}, {""name"": ""Guest 1"", ""email"": ""guest1@example.com""}, {""name"": ""Guest 2"", ""email"": ""guest2@example.com""}]",Join us for a cozy gathering with live performances.,https://picsum.photos/seed/13/600/400
Sunset Social,Avery Storm,2025-08-27T11:08:43.543763,"[{""name"": ""Guest 0"", ""email"": ""guest0@example.com""}, {""name"": ""Guest 1"", ""email"": ""guest1@example.com""}, {""name"": ""Guest 2"", ""email"": ""guest2@example.com""}, {""name"": ""Guest 3"", ""email"": ""guest3@example.com""}]",Experience the best underground sounds in town.,https://picsum.photos/seed/14/600/400
Nightfall Notes,Riley Stone,2025-08-25T11:08:43.543782,"[{""name"": ""Guest 0"", ""email"": ""guest0@example.com""}, {""name"": ""Guest 1"", ""email"": ""guest1@example.com""}, {""name"": ""Guest 2"", ""email"": ""guest2@example.com""}, {""name"": ""Guest 3"", ""email"": ""guest3@example.com""}]",Groove through the night with soulful beats and good company.,https://picsum.photos/seed/15/600/400
Ambient Escape,Jordan Lee,2025-08-24T11:08:43.543805,"[{""name"": ""Guest 0"", ""email"": ""guest0@example.com""}]",Experience the best underground sounds in town.,https://picsum.photos/seed/16/600/400
Electro Evenings,Amara Cruz,2025-08-06T11:08:43.543819,"[{""name"": ""Guest 0"", ""email"": ""guest0@example.com""}, {""name"": ""Guest 1"", ""email"": ""guest1@example.com""}]",Groove through the night with soulful beats and good company.,https://picsum.photos/seed/17/600/400
Groove Garden,Riley Stone,2025-08-04T11:08:43.543834,"[{""name"": ""Guest 0"", ""email"": ""guest0@example.com""}, {""name"": ""Guest 1"", ""email"": ""guest1@example.com""}, {""name"": ""Guest 2"", ""email"": ""guest2@example.com""}]","A night to vibe, connect, and celebrate the moment.",https://picsum.photos/seed/18/600/400
Midnight Mirage,Jamie Orion,2025-08-25T11:08:43.543852,"[{""name"": ""Guest 0"", ""email"": ""guest0@example.com""}]",Groove through the night with soulful beats and good company.,https://picsum.photos/seed/19/600/400
Zenith Zone,Dylan Fox,2025-09-23T11:08:43.543866,"[{""name"": ""Guest 0"", ""email"": ""guest0@example.com""}, {""name"": ""Guest 1"", ""email"": ""guest1@example.com""}]",Groove through the night with soulful beats and good company.,https://picsum.photos/seed/20/600/400
Vibe Sync,Riley Stone,2025-09-16T11:08:43.543882,"[{""name"": ""Guest 0"", ""email"": ""guest0@example.com""}, {""name"": ""Guest 1"", ""email"": ""guest1@example.com""}, {""name"": ""Guest 2"", ""email"": ""guest2@example.com""}, {""name"": ""Guest 3"", ""email"": ""guest3@example.com""}]",Join us for a cozy gathering with live performances.,https://picsum.photos/seed/21/600/400
Aura Afterparty,Amara Cruz,2025-09-28T11:08:43.543906,"[{""name"": ""Guest 0"", ""email"": ""guest0@example.com""}, {""name"": ""Guest 1"", ""email"": ""guest1@example.com""}]","An unforgettable evening of music, lights, and energy.",https://picsum.photos/seed/22/600/400
Echo Jam,Casey Moon,2025-08-09T11:08:43.543922,"[{""name"": ""Guest 0"", ""email"": ""guest0@example.com""}, {""name"": ""Guest 1"", ""email"": ""guest1@example.com""}]",Join us for a cozy gathering with live performances.,https://picsum.photos/seed/23/600/400
Cascade Collective,Riley Stone,2025-08-23T11:08:43.543943,"[{""name"": ""Guest 0"", ""email"": ""guest0@example.com""}, {""name"": ""Guest 1"", ""email"": ""guest1@example.com""}, {""name"": ""Guest 2"", ""email"": ""guest2@example.com""}]",Groove through the night with soulful beats and good company.,https://picsum.photos/seed/24/600/400
